State,Cumulative Cases,AsOf,Daily New Cases,Total US Cases to Date(excluding Non-Residents)
Alabama,19.0,2022-08-04,0.0,20730
Alabama,19.0,2022-08-05,0.0,20730
Alabama,19.0,2022-08-06,0.0,20730
Alabama,19.0,2022-08-07,0.0,20730
Alabama,21.0,2022-08-08,2.0,20730
Alabama,22.0,2022-08-09,1.0,20730
Alabama,22.0,2022-08-10,0.0,20730
Alabama,24.0,2022-08-11,2.0,20730
Alabama,30.0,2022-08-12,6.0,20730
Alabama,30.0,2022-08-13,0.0,20730
Alabama,30.0,2022-08-14,0.0,20730
Alabama,30.0,2022-08-15,0.0,20730
Alabama,30.0,2022-08-16,0.0,20730
Alabama,34.0,2022-08-17,4.0,20730
Alabama,34.0,2022-08-18,0.0,20730
Alabama,34.0,2022-08-19,0.0,20730
Alabama,34.0,2022-08-20,0.0,20730
Alabama,34.0,2022-08-21,0.0,20730
Alabama,47.0,2022-08-22,13.0,20730
Alabama,53.0,2022-08-23,6.0,20730
Alabama,53.0,2022-08-24,0.0,20730
Alabama,53.0,2022-08-25,0.0,20730
Alabama,53.0,2022-08-26,0.0,20730
Alabama,53.0,2022-08-27,0.0,20730
Alabama,53.0,2022-08-28,0.0,20730
Alabama,59.0,2022-08-29,6.0,20730
Alabama,60.0,2022-08-30,1.0,20730
Alabama,69.0,2022-08-31,9.0,20730
Alabama,69.0,2022-09-01,0.0,20730
Alabama,78.0,2022-09-02,9.0,20730
Alabama,78.0,2022-09-03,0.0,20730
Alabama,78.0,2022-09-04,0.0,20730
Alabama,78.0,2022-09-05,0.0,20730
Alabama,78.0,2022-09-06,0.0,20730
Alaska,1.0,2022-08-04,0.0,20730
Alaska,2.0,2022-08-05,1.0,20730
Alaska,2.0,2022-08-06,0.0,20730
Alaska,2.0,2022-08-07,0.0,20730
Alaska,2.0,2022-08-08,0.0,20730
Alaska,2.0,2022-08-09,0.0,20730
Alaska,2.0,2022-08-10,0.0,20730
Alaska,2.0,2022-08-11,0.0,20730
Alaska,2.0,2022-08-12,0.0,20730
Alaska,2.0,2022-08-13,0.0,20730
Alaska,2.0,2022-08-14,0.0,20730
Alaska,2.0,2022-08-15,0.0,20730
Alaska,2.0,2022-08-16,0.0,20730
Alaska,2.0,2022-08-17,0.0,20730
Alaska,2.0,2022-08-18,0.0,20730
Alaska,2.0,2022-08-19,0.0,20730
Alaska,2.0,2022-08-20,0.0,20730
Alaska,2.0,2022-08-21,0.0,20730
Alaska,3.0,2022-08-22,1.0,20730
Alaska,3.0,2022-08-23,0.0,20730
Alaska,3.0,2022-08-24,0.0,20730
Alaska,3.0,2022-08-25,0.0,20730
Alaska,3.0,2022-08-26,0.0,20730
Alaska,3.0,2022-08-27,0.0,20730
Alaska,3.0,2022-08-28,0.0,20730
Alaska,3.0,2022-08-29,0.0,20730
Alaska,3.0,2022-08-30,0.0,20730
Alaska,3.0,2022-08-31,0.0,20730
Alaska,3.0,2022-09-01,0.0,20730
Alaska,3.0,2022-09-02,0.0,20730
Alaska,3.0,2022-09-03,0.0,20730
Alaska,3.0,2022-09-04,0.0,20730
Alaska,3.0,2022-09-05,0.0,20730
Alaska,3.0,2022-09-06,0.0,20730
Arizona,85.0,2022-08-04,0.0,20730
Arizona,102.0,2022-08-05,17.0,20730
Arizona,102.0,2022-08-06,0.0,20730
Arizona,102.0,2022-08-07,0.0,20730
Arizona,131.0,2022-08-08,29.0,20730
Arizona,143.0,2022-08-09,12.0,20730
Arizona,143.0,2022-08-10,0.0,20730
Arizona,149.0,2022-08-11,6.0,20730
Arizona,170.0,2022-08-12,21.0,20730
Arizona,170.0,2022-08-13,0.0,20730
Arizona,170.0,2022-08-14,0.0,20730
Arizona,201.0,2022-08-15,31.0,20730
Arizona,205.0,2022-08-16,4.0,20730
Arizona,213.0,2022-08-17,8.0,20730
Arizona,220.0,2022-08-18,7.0,20730
Arizona,220.0,2022-08-19,0.0,20730
Arizona,220.0,2022-08-20,0.0,20730
Arizona,220.0,2022-08-21,0.0,20730
Arizona,258.0,2022-08-22,38.0,20730
Arizona,270.0,2022-08-23,12.0,20730
Arizona,269.0,2022-08-24,-1.0,20730
Arizona,271.0,2022-08-25,2.0,20730
Arizona,281.0,2022-08-26,10.0,20730
Arizona,281.0,2022-08-27,0.0,20730
Arizona,281.0,2022-08-28,0.0,20730
Arizona,281.0,2022-08-29,0.0,20730
Arizona,314.0,2022-08-30,33.0,20730
Arizona,317.0,2022-08-31,3.0,20730
Arizona,326.0,2022-09-01,9.0,20730
Arizona,333.0,2022-09-02,7.0,20730
Arizona,333.0,2022-09-03,0.0,20730
Arizona,333.0,2022-09-04,0.0,20730
Arizona,333.0,2022-09-05,0.0,20730
Arizona,341.0,2022-09-06,8.0,20730
Arkansas,5.0,2022-08-04,0.0,20730
Arkansas,9.0,2022-08-05,4.0,20730
Arkansas,9.0,2022-08-06,0.0,20730
Arkansas,9.0,2022-08-07,0.0,20730
Arkansas,9.0,2022-08-08,0.0,20730
Arkansas,12.0,2022-08-09,3.0,20730
Arkansas,12.0,2022-08-10,0.0,20730
Arkansas,12.0,2022-08-11,0.0,20730
Arkansas,15.0,2022-08-12,3.0,20730
Arkansas,15.0,2022-08-13,0.0,20730
Arkansas,15.0,2022-08-14,0.0,20730
Arkansas,15.0,2022-08-15,0.0,20730
Arkansas,20.0,2022-08-16,5.0,20730
Arkansas,21.0,2022-08-17,1.0,20730
Arkansas,21.0,2022-08-18,0.0,20730
Arkansas,21.0,2022-08-19,0.0,20730
Arkansas,21.0,2022-08-20,0.0,20730
Arkansas,21.0,2022-08-21,0.0,20730
Arkansas,21.0,2022-08-22,0.0,20730
Arkansas,23.0,2022-08-23,2.0,20730
Arkansas,24.0,2022-08-24,1.0,20730
Arkansas,24.0,2022-08-25,0.0,20730
Arkansas,28.0,2022-08-26,4.0,20730
Arkansas,28.0,2022-08-27,0.0,20730
Arkansas,28.0,2022-08-28,0.0,20730
Arkansas,32.0,2022-08-29,4.0,20730
Arkansas,32.0,2022-08-30,0.0,20730
Arkansas,32.0,2022-08-31,0.0,20730
Arkansas,36.0,2022-09-01,4.0,20730
Arkansas,38.0,2022-09-02,2.0,20730
Arkansas,38.0,2022-09-03,0.0,20730
Arkansas,38.0,2022-09-04,0.0,20730
Arkansas,38.0,2022-09-05,0.0,20730
Arkansas,40.0,2022-09-06,2.0,20730
California,826.0,2022-08-04,0.0,20730
California,826.0,2022-08-05,0.0,20730
California,826.0,2022-08-06,0.0,20730
California,826.0,2022-08-07,0.0,20730
California,1310.0,2022-08-08,484.0,20730
California,1310.0,2022-08-09,0.0,20730
California,1310.0,2022-08-10,0.0,20730
California,1892.0,2022-08-11,582.0,20730
California,1945.0,2022-08-12,53.0,20730
California,1945.0,2022-08-13,0.0,20730
California,1945.0,2022-08-14,0.0,20730
California,1945.0,2022-08-15,0.0,20730
California,1945.0,2022-08-16,0.0,20730
California,2356.0,2022-08-17,411.0,20730
California,2663.0,2022-08-18,307.0,20730
California,2663.0,2022-08-19,0.0,20730
California,2663.0,2022-08-20,0.0,20730
California,2663.0,2022-08-21,0.0,20730
California,2663.0,2022-08-22,0.0,20730
California,2663.0,2022-08-23,0.0,20730
California,3068.0,2022-08-24,405.0,20730
California,3068.0,2022-08-25,0.0,20730
California,3291.0,2022-08-26,223.0,20730
California,3291.0,2022-08-27,0.0,20730
California,3291.0,2022-08-28,0.0,20730
California,3291.0,2022-08-29,0.0,20730
California,3291.0,2022-08-30,0.0,20730
California,3629.0,2022-08-31,338.0,20730
California,3629.0,2022-09-01,0.0,20730
California,3833.0,2022-09-02,204.0,20730
California,3833.0,2022-09-03,0.0,20730
California,3833.0,2022-09-04,0.0,20730
California,3833.0,2022-09-05,0.0,20730
California,3833.0,2022-09-06,0.0,20730
Colorado,53.0,2022-08-04,0.0,20730
Colorado,78.0,2022-08-05,25.0,20730
Colorado,78.0,2022-08-06,0.0,20730
Colorado,78.0,2022-08-07,0.0,20730
Colorado,78.0,2022-08-08,0.0,20730
Colorado,78.0,2022-08-09,0.0,20730
Colorado,78.0,2022-08-10,0.0,20730
Colorado,111.0,2022-08-11,33.0,20730
Colorado,111.0,2022-08-12,0.0,20730
Colorado,111.0,2022-08-13,0.0,20730
Colorado,111.0,2022-08-14,0.0,20730
Colorado,111.0,2022-08-15,0.0,20730
Colorado,155.0,2022-08-16,44.0,20730
Colorado,155.0,2022-08-17,0.0,20730
Colorado,155.0,2022-08-18,0.0,20730
Colorado,155.0,2022-08-19,0.0,20730
Colorado,155.0,2022-08-20,0.0,20730
Colorado,155.0,2022-08-21,0.0,20730
Colorado,155.0,2022-08-22,0.0,20730
Colorado,155.0,2022-08-23,0.0,20730
Colorado,189.0,2022-08-24,34.0,20730
Colorado,189.0,2022-08-25,0.0,20730
Colorado,189.0,2022-08-26,0.0,20730
Colorado,189.0,2022-08-27,0.0,20730
Colorado,189.0,2022-08-28,0.0,20730
Colorado,189.0,2022-08-29,0.0,20730
Colorado,189.0,2022-08-30,0.0,20730
Colorado,198.0,2022-08-31,9.0,20730
Colorado,198.0,2022-09-01,0.0,20730
Colorado,198.0,2022-09-02,0.0,20730
Colorado,198.0,2022-09-03,0.0,20730
Colorado,198.0,2022-09-04,0.0,20730
Colorado,198.0,2022-09-05,0.0,20730
Colorado,198.0,2022-09-06,0.0,20730
Connecticut,39.0,2022-08-04,0.0,20730
Connecticut,43.0,2022-08-05,4.0,20730
Connecticut,43.0,2022-08-06,0.0,20730
Connecticut,43.0,2022-08-07,0.0,20730
Connecticut,48.0,2022-08-08,5.0,20730
Connecticut,49.0,2022-08-09,1.0,20730
Connecticut,49.0,2022-08-10,0.0,20730
Connecticut,54.0,2022-08-11,5.0,20730
Connecticut,59.0,2022-08-12,5.0,20730
Connecticut,59.0,2022-08-13,0.0,20730
Connecticut,59.0,2022-08-14,0.0,20730
Connecticut,59.0,2022-08-15,0.0,20730
Connecticut,69.0,2022-08-16,10.0,20730
Connecticut,71.0,2022-08-17,2.0,20730
Connecticut,73.0,2022-08-18,2.0,20730
Connecticut,73.0,2022-08-19,0.0,20730
Connecticut,73.0,2022-08-20,0.0,20730
Connecticut,73.0,2022-08-21,0.0,20730
Connecticut,82.0,2022-08-22,9.0,20730
Connecticut,83.0,2022-08-23,1.0,20730
Connecticut,86.0,2022-08-24,3.0,20730
Connecticut,87.0,2022-08-25,1.0,20730
Connecticut,89.0,2022-08-26,2.0,20730
Connecticut,89.0,2022-08-27,0.0,20730
Connecticut,89.0,2022-08-28,0.0,20730
Connecticut,90.0,2022-08-29,1.0,20730
Connecticut,90.0,2022-08-30,0.0,20730
Connecticut,91.0,2022-08-31,1.0,20730
Connecticut,93.0,2022-09-01,2.0,20730
Connecticut,94.0,2022-09-02,1.0,20730
Connecticut,94.0,2022-09-03,0.0,20730
Connecticut,94.0,2022-09-04,0.0,20730
Connecticut,94.0,2022-09-05,0.0,20730
Connecticut,102.0,2022-09-06,8.0,20730
Delaware,5.0,2022-08-04,0.0,20730
Delaware,6.0,2022-08-05,1.0,20730
Delaware,6.0,2022-08-06,0.0,20730
Delaware,6.0,2022-08-07,0.0,20730
Delaware,6.0,2022-08-08,0.0,20730
Delaware,6.0,2022-08-09,0.0,20730
Delaware,6.0,2022-08-10,0.0,20730
Delaware,8.0,2022-08-11,2.0,20730
Delaware,8.0,2022-08-12,0.0,20730
Delaware,8.0,2022-08-13,0.0,20730
Delaware,8.0,2022-08-14,0.0,20730
Delaware,10.0,2022-08-15,2.0,20730
Delaware,10.0,2022-08-16,0.0,20730
Delaware,10.0,2022-08-17,0.0,20730
Delaware,10.0,2022-08-18,0.0,20730
Delaware,10.0,2022-08-19,0.0,20730
Delaware,10.0,2022-08-20,0.0,20730
Delaware,10.0,2022-08-21,0.0,20730
Delaware,17.0,2022-08-22,7.0,20730
Delaware,19.0,2022-08-23,2.0,20730
Delaware,19.0,2022-08-24,0.0,20730
Delaware,20.0,2022-08-25,1.0,20730
Delaware,21.0,2022-08-26,1.0,20730
Delaware,21.0,2022-08-27,0.0,20730
Delaware,21.0,2022-08-28,0.0,20730
Delaware,21.0,2022-08-29,0.0,20730
Delaware,21.0,2022-08-30,0.0,20730
Delaware,22.0,2022-08-31,1.0,20730
Delaware,25.0,2022-09-01,3.0,20730
Delaware,25.0,2022-09-02,0.0,20730
Delaware,25.0,2022-09-03,0.0,20730
Delaware,25.0,2022-09-04,0.0,20730
Delaware,25.0,2022-09-05,0.0,20730
Delaware,26.0,2022-09-06,1.0,20730
District of Columbia,257.0,2022-08-04,0.0,20730
District of Columbia,283.0,2022-08-05,26.0,20730
District of Columbia,283.0,2022-08-06,0.0,20730
District of Columbia,283.0,2022-08-07,0.0,20730
District of Columbia,303.0,2022-08-08,20.0,20730
District of Columbia,318.0,2022-08-09,15.0,20730
District of Columbia,318.0,2022-08-10,0.0,20730
District of Columbia,319.0,2022-08-11,1.0,20730
District of Columbia,328.0,2022-08-12,9.0,20730
District of Columbia,328.0,2022-08-13,0.0,20730
District of Columbia,328.0,2022-08-14,0.0,20730
District of Columbia,342.0,2022-08-15,14.0,20730
District of Columbia,344.0,2022-08-16,2.0,20730
District of Columbia,351.0,2022-08-17,7.0,20730
District of Columbia,351.0,2022-08-18,0.0,20730
District of Columbia,351.0,2022-08-19,0.0,20730
District of Columbia,351.0,2022-08-20,0.0,20730
District of Columbia,351.0,2022-08-21,0.0,20730
District of Columbia,372.0,2022-08-22,21.0,20730
District of Columbia,402.0,2022-08-23,30.0,20730
District of Columbia,402.0,2022-08-24,0.0,20730
District of Columbia,414.0,2022-08-25,12.0,20730
District of Columbia,414.0,2022-08-26,0.0,20730
District of Columbia,414.0,2022-08-27,0.0,20730
District of Columbia,414.0,2022-08-28,0.0,20730
District of Columbia,414.0,2022-08-29,0.0,20730
District of Columbia,432.0,2022-08-30,18.0,20730
District of Columbia,432.0,2022-08-31,0.0,20730
District of Columbia,432.0,2022-09-01,0.0,20730
District of Columbia,432.0,2022-09-02,0.0,20730
District of Columbia,432.0,2022-09-03,0.0,20730
District of Columbia,432.0,2022-09-04,0.0,20730
District of Columbia,432.0,2022-09-05,0.0,20730
District of Columbia,436.0,2022-09-06,4.0,20730
Florida,525.0,2022-08-04,0.0,20730
Florida,633.0,2022-08-05,108.0,20730
Florida,633.0,2022-08-06,0.0,20730
Florida,633.0,2022-08-07,0.0,20730
Florida,936.0,2022-08-08,303.0,20730
Florida,976.0,2022-08-09,40.0,20730
Florida,976.0,2022-08-10,0.0,20730
Florida,1018.0,2022-08-11,42.0,20730
Florida,1085.0,2022-08-12,67.0,20730
Florida,1085.0,2022-08-13,0.0,20730
Florida,1085.0,2022-08-14,0.0,20730
Florida,1085.0,2022-08-15,0.0,20730
Florida,1268.0,2022-08-16,183.0,20730
Florida,1346.0,2022-08-17,78.0,20730
Florida,1372.0,2022-08-18,26.0,20730
Florida,1372.0,2022-08-19,0.0,20730
Florida,1372.0,2022-08-20,0.0,20730
Florida,1372.0,2022-08-21,0.0,20730
Florida,1588.0,2022-08-22,216.0,20730
Florida,1638.0,2022-08-23,50.0,20730
Florida,1669.0,2022-08-24,31.0,20730
Florida,1713.0,2022-08-25,44.0,20730
Florida,1739.0,2022-08-26,26.0,20730
Florida,1739.0,2022-08-27,0.0,20730
Florida,1739.0,2022-08-28,0.0,20730
Florida,1870.0,2022-08-29,131.0,20730
Florida,1870.0,2022-08-30,0.0,20730
Florida,1922.0,2022-08-31,52.0,20730
Florida,1957.0,2022-09-01,35.0,20730
Florida,1991.0,2022-09-02,34.0,20730
Florida,1991.0,2022-09-03,0.0,20730
Florida,1991.0,2022-09-04,0.0,20730
Florida,1991.0,2022-09-05,0.0,20730
Florida,2126.0,2022-09-06,135.0,20730
Georgia,504.0,2022-08-04,0.0,20730
Georgia,596.0,2022-08-05,92.0,20730
Georgia,596.0,2022-08-06,0.0,20730
Georgia,596.0,2022-08-07,0.0,20730
Georgia,625.0,2022-08-08,29.0,20730
Georgia,749.0,2022-08-09,124.0,20730
Georgia,749.0,2022-08-10,0.0,20730
Georgia,775.0,2022-08-11,26.0,20730
Georgia,851.0,2022-08-12,76.0,20730
Georgia,851.0,2022-08-13,0.0,20730
Georgia,851.0,2022-08-14,0.0,20730
Georgia,951.0,2022-08-15,100.0,20730
Georgia,1013.0,2022-08-16,62.0,20730
Georgia,1033.0,2022-08-17,20.0,20730
Georgia,1066.0,2022-08-18,33.0,20730
Georgia,1066.0,2022-08-19,0.0,20730
Georgia,1066.0,2022-08-20,0.0,20730
Georgia,1066.0,2022-08-21,0.0,20730
Georgia,1190.0,2022-08-22,124.0,20730
Georgia,1220.0,2022-08-23,30.0,20730
Georgia,1240.0,2022-08-24,20.0,20730
Georgia,1240.0,2022-08-25,0.0,20730
Georgia,1299.0,2022-08-26,59.0,20730
Georgia,1299.0,2022-08-27,0.0,20730
Georgia,1299.0,2022-08-28,0.0,20730
Georgia,1372.0,2022-08-29,73.0,20730
Georgia,1387.0,2022-08-30,15.0,20730
Georgia,1403.0,2022-08-31,16.0,20730
Georgia,1418.0,2022-09-01,15.0,20730
Georgia,1445.0,2022-09-02,27.0,20730
Georgia,1445.0,2022-09-03,0.0,20730
Georgia,1445.0,2022-09-04,0.0,20730
Georgia,1445.0,2022-09-05,0.0,20730
Georgia,1512.0,2022-09-06,67.0,20730
Hawaii,10.0,2022-08-04,0.0,20730
Hawaii,11.0,2022-08-05,1.0,20730
Hawaii,11.0,2022-08-06,0.0,20730
Hawaii,11.0,2022-08-07,0.0,20730
Hawaii,11.0,2022-08-08,0.0,20730
Hawaii,11.0,2022-08-09,0.0,20730
Hawaii,11.0,2022-08-10,0.0,20730
Hawaii,11.0,2022-08-11,0.0,20730
Hawaii,12.0,2022-08-12,1.0,20730
Hawaii,12.0,2022-08-13,0.0,20730
Hawaii,12.0,2022-08-14,0.0,20730
Hawaii,12.0,2022-08-15,0.0,20730
Hawaii,12.0,2022-08-16,0.0,20730
Hawaii,13.0,2022-08-17,1.0,20730
Hawaii,13.0,2022-08-18,0.0,20730
Hawaii,13.0,2022-08-19,0.0,20730
Hawaii,13.0,2022-08-20,0.0,20730
Hawaii,13.0,2022-08-21,0.0,20730
Hawaii,13.0,2022-08-22,0.0,20730
Hawaii,15.0,2022-08-23,2.0,20730
Hawaii,15.0,2022-08-24,0.0,20730
Hawaii,15.0,2022-08-25,0.0,20730
Hawaii,15.0,2022-08-26,0.0,20730
Hawaii,15.0,2022-08-27,0.0,20730
Hawaii,15.0,2022-08-28,0.0,20730
Hawaii,18.0,2022-08-29,3.0,20730
Hawaii,18.0,2022-08-30,0.0,20730
Hawaii,18.0,2022-08-31,0.0,20730
Hawaii,18.0,2022-09-01,0.0,20730
Hawaii,18.0,2022-09-02,0.0,20730
Hawaii,18.0,2022-09-03,0.0,20730
Hawaii,18.0,2022-09-04,0.0,20730
Hawaii,18.0,2022-09-05,0.0,20730
Hawaii,22.0,2022-09-06,4.0,20730
Idaho,5.0,2022-08-04,0.0,20730
Idaho,7.0,2022-08-05,2.0,20730
Idaho,7.0,2022-08-06,0.0,20730
Idaho,7.0,2022-08-07,0.0,20730
Idaho,7.0,2022-08-08,0.0,20730
Idaho,8.0,2022-08-09,1.0,20730
Idaho,8.0,2022-08-10,0.0,20730
Idaho,8.0,2022-08-11,0.0,20730
Idaho,9.0,2022-08-12,1.0,20730
Idaho,9.0,2022-08-13,0.0,20730
Idaho,9.0,2022-08-14,0.0,20730
Idaho,9.0,2022-08-15,0.0,20730
Idaho,9.0,2022-08-16,0.0,20730
Idaho,9.0,2022-08-17,0.0,20730
Idaho,9.0,2022-08-18,0.0,20730
Idaho,9.0,2022-08-19,0.0,20730
Idaho,9.0,2022-08-20,0.0,20730
Idaho,9.0,2022-08-21,0.0,20730
Idaho,9.0,2022-08-22,0.0,20730
Idaho,9.0,2022-08-23,0.0,20730
Idaho,9.0,2022-08-24,0.0,20730
Idaho,9.0,2022-08-25,0.0,20730
Idaho,9.0,2022-08-26,0.0,20730
Idaho,9.0,2022-08-27,0.0,20730
Idaho,9.0,2022-08-28,0.0,20730
Idaho,9.0,2022-08-29,0.0,20730
Idaho,9.0,2022-08-30,0.0,20730
Idaho,11.0,2022-08-31,2.0,20730
Idaho,11.0,2022-09-01,0.0,20730
Idaho,11.0,2022-09-02,0.0,20730
Idaho,11.0,2022-09-03,0.0,20730
Idaho,11.0,2022-09-04,0.0,20730
Idaho,11.0,2022-09-05,0.0,20730
Idaho,11.0,2022-09-06,0.0,20730
Illinois,547.0,2022-08-04,0.0,20730
Illinois,602.0,2022-08-05,55.0,20730
Illinois,602.0,2022-08-06,0.0,20730
Illinois,602.0,2022-08-07,0.0,20730
Illinois,672.0,2022-08-08,70.0,20730
Illinois,701.0,2022-08-09,29.0,20730
Illinois,701.0,2022-08-10,0.0,20730
Illinois,717.0,2022-08-11,16.0,20730
Illinois,771.0,2022-08-12,54.0,20730
Illinois,771.0,2022-08-13,0.0,20730
Illinois,771.0,2022-08-14,0.0,20730
Illinois,831.0,2022-08-15,60.0,20730
Illinois,851.0,2022-08-16,20.0,20730
Illinois,875.0,2022-08-17,24.0,20730
Illinois,888.0,2022-08-18,13.0,20730
Illinois,888.0,2022-08-19,0.0,20730
Illinois,888.0,2022-08-20,0.0,20730
Illinois,888.0,2022-08-21,0.0,20730
Illinois,951.0,2022-08-22,63.0,20730
Illinois,970.0,2022-08-23,19.0,20730
Illinois,983.0,2022-08-24,13.0,20730
Illinois,999.0,2022-08-25,16.0,20730
Illinois,1005.0,2022-08-26,6.0,20730
Illinois,1005.0,2022-08-27,0.0,20730
Illinois,1005.0,2022-08-28,0.0,20730
Illinois,1049.0,2022-08-29,44.0,20730
Illinois,1058.0,2022-08-30,9.0,20730
Illinois,1069.0,2022-08-31,11.0,20730
Illinois,1081.0,2022-09-01,12.0,20730
Illinois,1087.0,2022-09-02,6.0,20730
Illinois,1087.0,2022-09-03,0.0,20730
Illinois,1087.0,2022-09-04,0.0,20730
Illinois,1087.0,2022-09-05,0.0,20730
Illinois,1128.0,2022-09-06,41.0,20730
Indiana,62.0,2022-08-04,0.0,20730
Indiana,68.0,2022-08-05,6.0,20730
Indiana,68.0,2022-08-06,0.0,20730
Indiana,68.0,2022-08-07,0.0,20730
Indiana,77.0,2022-08-08,9.0,20730
Indiana,77.0,2022-08-09,0.0,20730
Indiana,77.0,2022-08-10,0.0,20730
Indiana,77.0,2022-08-11,0.0,20730
Indiana,78.0,2022-08-12,1.0,20730
Indiana,78.0,2022-08-13,0.0,20730
Indiana,78.0,2022-08-14,0.0,20730
Indiana,84.0,2022-08-15,6.0,20730
Indiana,95.0,2022-08-16,11.0,20730
Indiana,101.0,2022-08-17,6.0,20730
Indiana,102.0,2022-08-18,1.0,20730
Indiana,102.0,2022-08-19,0.0,20730
Indiana,102.0,2022-08-20,0.0,20730
Indiana,102.0,2022-08-21,0.0,20730
Indiana,107.0,2022-08-22,5.0,20730
Indiana,134.0,2022-08-23,27.0,20730
Indiana,137.0,2022-08-24,3.0,20730
Indiana,141.0,2022-08-25,4.0,20730
Indiana,147.0,2022-08-26,6.0,20730
Indiana,147.0,2022-08-27,0.0,20730
Indiana,147.0,2022-08-28,0.0,20730
Indiana,162.0,2022-08-29,15.0,20730
Indiana,162.0,2022-08-30,0.0,20730
Indiana,153.0,2022-08-31,-9.0,20730
Indiana,169.0,2022-09-01,16.0,20730
Indiana,172.0,2022-09-02,3.0,20730
Indiana,172.0,2022-09-03,0.0,20730
Indiana,172.0,2022-09-04,0.0,20730
Indiana,172.0,2022-09-05,0.0,20730
Indiana,178.0,2022-09-06,6.0,20730
Iowa,11.0,2022-08-04,0.0,20730
Iowa,12.0,2022-08-05,1.0,20730
Iowa,12.0,2022-08-06,0.0,20730
Iowa,12.0,2022-08-07,0.0,20730
Iowa,13.0,2022-08-08,1.0,20730
Iowa,13.0,2022-08-09,0.0,20730
Iowa,13.0,2022-08-10,0.0,20730
Iowa,13.0,2022-08-11,0.0,20730
Iowa,15.0,2022-08-12,2.0,20730
Iowa,15.0,2022-08-13,0.0,20730
Iowa,15.0,2022-08-14,0.0,20730
Iowa,15.0,2022-08-15,0.0,20730
Iowa,15.0,2022-08-16,0.0,20730
Iowa,15.0,2022-08-17,0.0,20730
Iowa,15.0,2022-08-18,0.0,20730
Iowa,15.0,2022-08-19,0.0,20730
Iowa,15.0,2022-08-20,0.0,20730
Iowa,15.0,2022-08-21,0.0,20730
Iowa,15.0,2022-08-22,0.0,20730
Iowa,16.0,2022-08-23,1.0,20730
Iowa,16.0,2022-08-24,0.0,20730
Iowa,16.0,2022-08-25,0.0,20730
Iowa,18.0,2022-08-26,2.0,20730
Iowa,18.0,2022-08-27,0.0,20730
Iowa,18.0,2022-08-28,0.0,20730
Iowa,18.0,2022-08-29,0.0,20730
Iowa,18.0,2022-08-30,0.0,20730
Iowa,18.0,2022-08-31,0.0,20730
Iowa,18.0,2022-09-01,0.0,20730
Iowa,18.0,2022-09-02,0.0,20730
Iowa,18.0,2022-09-03,0.0,20730
Iowa,18.0,2022-09-04,0.0,20730
Iowa,18.0,2022-09-05,0.0,20730
Iowa,19.0,2022-09-06,1.0,20730
Kansas,1.0,2022-08-04,0.0,20730
Kansas,1.0,2022-08-05,0.0,20730
Kansas,1.0,2022-08-06,0.0,20730
Kansas,1.0,2022-08-07,0.0,20730
Kansas,2.0,2022-08-08,1.0,20730
Kansas,2.0,2022-08-09,0.0,20730
Kansas,2.0,2022-08-10,0.0,20730
Kansas,2.0,2022-08-11,0.0,20730
Kansas,3.0,2022-08-12,1.0,20730
Kansas,3.0,2022-08-13,0.0,20730
Kansas,3.0,2022-08-14,0.0,20730
Kansas,3.0,2022-08-15,0.0,20730
Kansas,3.0,2022-08-16,0.0,20730
Kansas,3.0,2022-08-17,0.0,20730
Kansas,3.0,2022-08-18,0.0,20730
Kansas,3.0,2022-08-19,0.0,20730
Kansas,3.0,2022-08-20,0.0,20730
Kansas,3.0,2022-08-21,0.0,20730
Kansas,3.0,2022-08-22,0.0,20730
Kansas,4.0,2022-08-23,1.0,20730
Kansas,4.0,2022-08-24,0.0,20730
Kansas,5.0,2022-08-25,1.0,20730
Kansas,5.0,2022-08-26,0.0,20730
Kansas,5.0,2022-08-27,0.0,20730
Kansas,5.0,2022-08-28,0.0,20730
Kansas,5.0,2022-08-29,0.0,20730
Kansas,5.0,2022-08-30,0.0,20730
Kansas,5.0,2022-08-31,0.0,20730
Kansas,5.0,2022-09-01,0.0,20730
Kansas,6.0,2022-09-02,1.0,20730
Kansas,6.0,2022-09-03,0.0,20730
Kansas,6.0,2022-09-04,0.0,20730
Kansas,6.0,2022-09-05,0.0,20730
Kansas,7.0,2022-09-06,1.0,20730
Kentucky,8.0,2022-08-04,0.0,20730
Kentucky,9.0,2022-08-05,1.0,20730
Kentucky,9.0,2022-08-06,0.0,20730
Kentucky,9.0,2022-08-07,0.0,20730
Kentucky,11.0,2022-08-08,2.0,20730
Kentucky,10.0,2022-08-09,-1.0,20730
Kentucky,10.0,2022-08-10,0.0,20730
Kentucky,10.0,2022-08-11,0.0,20730
Kentucky,11.0,2022-08-12,1.0,20730
Kentucky,11.0,2022-08-13,0.0,20730
Kentucky,11.0,2022-08-14,0.0,20730
Kentucky,15.0,2022-08-15,4.0,20730
Kentucky,15.0,2022-08-16,0.0,20730
Kentucky,17.0,2022-08-17,2.0,20730
Kentucky,18.0,2022-08-18,1.0,20730
Kentucky,18.0,2022-08-19,0.0,20730
Kentucky,18.0,2022-08-20,0.0,20730
Kentucky,18.0,2022-08-21,0.0,20730
Kentucky,22.0,2022-08-22,4.0,20730
Kentucky,23.0,2022-08-23,1.0,20730
Kentucky,24.0,2022-08-24,1.0,20730
Kentucky,26.0,2022-08-25,2.0,20730
Kentucky,27.0,2022-08-26,1.0,20730
Kentucky,27.0,2022-08-27,0.0,20730
Kentucky,27.0,2022-08-28,0.0,20730
Kentucky,30.0,2022-08-29,3.0,20730
Kentucky,30.0,2022-08-30,0.0,20730
Kentucky,31.0,2022-08-31,1.0,20730
Kentucky,32.0,2022-09-01,1.0,20730
Kentucky,33.0,2022-09-02,1.0,20730
Kentucky,33.0,2022-09-03,0.0,20730
Kentucky,33.0,2022-09-04,0.0,20730
Kentucky,33.0,2022-09-05,0.0,20730
Kentucky,34.0,2022-09-06,1.0,20730
Louisiana,58.0,2022-08-04,0.0,20730
Louisiana,74.0,2022-08-05,16.0,20730
Louisiana,74.0,2022-08-06,0.0,20730
Louisiana,74.0,2022-08-07,0.0,20730
Louisiana,83.0,2022-08-08,9.0,20730
Louisiana,88.0,2022-08-09,5.0,20730
Louisiana,88.0,2022-08-10,0.0,20730
Louisiana,92.0,2022-08-11,4.0,20730
Louisiana,103.0,2022-08-12,11.0,20730
Louisiana,103.0,2022-08-13,0.0,20730
Louisiana,103.0,2022-08-14,0.0,20730
Louisiana,108.0,2022-08-15,5.0,20730
Louisiana,114.0,2022-08-16,6.0,20730
Louisiana,120.0,2022-08-17,6.0,20730
Louisiana,127.0,2022-08-18,7.0,20730
Louisiana,127.0,2022-08-19,0.0,20730
Louisiana,127.0,2022-08-20,0.0,20730
Louisiana,127.0,2022-08-21,0.0,20730
Louisiana,146.0,2022-08-22,19.0,20730
Louisiana,151.0,2022-08-23,5.0,20730
Louisiana,155.0,2022-08-24,4.0,20730
Louisiana,157.0,2022-08-25,2.0,20730
Louisiana,162.0,2022-08-26,5.0,20730
Louisiana,162.0,2022-08-27,0.0,20730
Louisiana,162.0,2022-08-28,0.0,20730
Louisiana,176.0,2022-08-29,14.0,20730
Louisiana,183.0,2022-08-30,7.0,20730
Louisiana,183.0,2022-08-31,0.0,20730
Louisiana,185.0,2022-09-01,2.0,20730
Louisiana,185.0,2022-09-02,0.0,20730
Louisiana,185.0,2022-09-03,0.0,20730
Louisiana,185.0,2022-09-04,0.0,20730
Louisiana,185.0,2022-09-05,0.0,20730
Louisiana,198.0,2022-09-06,13.0,20730
Maine,2.0,2022-08-04,0.0,20730
Maine,2.0,2022-08-05,0.0,20730
Maine,2.0,2022-08-06,0.0,20730
Maine,2.0,2022-08-07,0.0,20730
Maine,2.0,2022-08-08,0.0,20730
Maine,2.0,2022-08-09,0.0,20730
Maine,2.0,2022-08-10,0.0,20730
Maine,3.0,2022-08-11,1.0,20730
Maine,3.0,2022-08-12,0.0,20730
Maine,3.0,2022-08-13,0.0,20730
Maine,3.0,2022-08-14,0.0,20730
Maine,3.0,2022-08-15,0.0,20730
Maine,3.0,2022-08-16,0.0,20730
Maine,3.0,2022-08-17,0.0,20730
Maine,3.0,2022-08-18,0.0,20730
Maine,3.0,2022-08-19,0.0,20730
Maine,3.0,2022-08-20,0.0,20730
Maine,3.0,2022-08-21,0.0,20730
Maine,5.0,2022-08-22,2.0,20730
Maine,5.0,2022-08-23,0.0,20730
Maine,5.0,2022-08-24,0.0,20730
Maine,5.0,2022-08-25,0.0,20730
Maine,5.0,2022-08-26,0.0,20730
Maine,5.0,2022-08-27,0.0,20730
Maine,5.0,2022-08-28,0.0,20730
Maine,5.0,2022-08-29,0.0,20730
Maine,5.0,2022-08-30,0.0,20730
Maine,5.0,2022-08-31,0.0,20730
Maine,5.0,2022-09-01,0.0,20730
Maine,7.0,2022-09-02,2.0,20730
Maine,7.0,2022-09-03,0.0,20730
Maine,7.0,2022-09-04,0.0,20730
Maine,7.0,2022-09-05,0.0,20730
Maine,7.0,2022-09-06,0.0,20730
Maryland,157.0,2022-08-04,0.0,20730
Maryland,182.0,2022-08-05,25.0,20730
Maryland,182.0,2022-08-06,0.0,20730
Maryland,182.0,2022-08-07,0.0,20730
Maryland,215.0,2022-08-08,33.0,20730
Maryland,219.0,2022-08-09,4.0,20730
Maryland,219.0,2022-08-10,0.0,20730
Maryland,236.0,2022-08-11,17.0,20730
Maryland,275.0,2022-08-12,39.0,20730
Maryland,275.0,2022-08-13,0.0,20730
Maryland,275.0,2022-08-14,0.0,20730
Maryland,306.0,2022-08-15,31.0,20730
Maryland,335.0,2022-08-16,29.0,20730
Maryland,349.0,2022-08-17,14.0,20730
Maryland,349.0,2022-08-18,0.0,20730
Maryland,349.0,2022-08-19,0.0,20730
Maryland,349.0,2022-08-20,0.0,20730
Maryland,349.0,2022-08-21,0.0,20730
Maryland,379.0,2022-08-22,30.0,20730
Maryland,431.0,2022-08-23,52.0,20730
Maryland,447.0,2022-08-24,16.0,20730
Maryland,453.0,2022-08-25,6.0,20730
Maryland,461.0,2022-08-26,8.0,20730
Maryland,461.0,2022-08-27,0.0,20730
Maryland,461.0,2022-08-28,0.0,20730
Maryland,484.0,2022-08-29,23.0,20730
Maryland,484.0,2022-08-30,0.0,20730
Maryland,484.0,2022-08-31,0.0,20730
Maryland,519.0,2022-09-01,35.0,20730
Maryland,534.0,2022-09-02,15.0,20730
Maryland,534.0,2022-09-03,0.0,20730
Maryland,534.0,2022-09-04,0.0,20730
Maryland,534.0,2022-09-05,0.0,20730
Maryland,554.0,2022-09-06,20.0,20730
Massachusetts,134.0,2022-08-04,0.0,20730
Massachusetts,157.0,2022-08-05,23.0,20730
Massachusetts,157.0,2022-08-06,0.0,20730
Massachusetts,157.0,2022-08-07,0.0,20730
Massachusetts,174.0,2022-08-08,17.0,20730
Massachusetts,174.0,2022-08-09,0.0,20730
Massachusetts,174.0,2022-08-10,0.0,20730
Massachusetts,174.0,2022-08-11,0.0,20730
Massachusetts,202.0,2022-08-12,28.0,20730
Massachusetts,202.0,2022-08-13,0.0,20730
Massachusetts,202.0,2022-08-14,0.0,20730
Massachusetts,228.0,2022-08-15,26.0,20730
Massachusetts,228.0,2022-08-16,0.0,20730
Massachusetts,228.0,2022-08-17,0.0,20730
Massachusetts,243.0,2022-08-18,15.0,20730
Massachusetts,243.0,2022-08-19,0.0,20730
Massachusetts,243.0,2022-08-20,0.0,20730
Massachusetts,243.0,2022-08-21,0.0,20730
Massachusetts,265.0,2022-08-22,22.0,20730
Massachusetts,265.0,2022-08-23,0.0,20730
Massachusetts,265.0,2022-08-24,0.0,20730
Massachusetts,280.0,2022-08-25,15.0,20730
Massachusetts,280.0,2022-08-26,0.0,20730
Massachusetts,280.0,2022-08-27,0.0,20730
Massachusetts,280.0,2022-08-28,0.0,20730
Massachusetts,280.0,2022-08-29,0.0,20730
Massachusetts,303.0,2022-08-30,23.0,20730
Massachusetts,303.0,2022-08-31,0.0,20730
Massachusetts,317.0,2022-09-01,14.0,20730
Massachusetts,317.0,2022-09-02,0.0,20730
Massachusetts,317.0,2022-09-03,0.0,20730
Massachusetts,317.0,2022-09-04,0.0,20730
Massachusetts,317.0,2022-09-05,0.0,20730
Massachusetts,336.0,2022-09-06,19.0,20730
Michigan,56.0,2022-08-04,0.0,20730
Michigan,70.0,2022-08-05,14.0,20730
Michigan,70.0,2022-08-06,0.0,20730
Michigan,70.0,2022-08-07,0.0,20730
Michigan,70.0,2022-08-08,0.0,20730
Michigan,73.0,2022-08-09,3.0,20730
Michigan,73.0,2022-08-10,0.0,20730
Michigan,77.0,2022-08-11,4.0,20730
Michigan,92.0,2022-08-12,15.0,20730
Michigan,92.0,2022-08-13,0.0,20730
Michigan,92.0,2022-08-14,0.0,20730
Michigan,99.0,2022-08-15,7.0,20730
Michigan,99.0,2022-08-16,0.0,20730
Michigan,99.0,2022-08-17,0.0,20730
Michigan,108.0,2022-08-18,9.0,20730
Michigan,108.0,2022-08-19,0.0,20730
Michigan,108.0,2022-08-20,0.0,20730
Michigan,108.0,2022-08-21,0.0,20730
Michigan,138.0,2022-08-22,30.0,20730
Michigan,143.0,2022-08-23,5.0,20730
Michigan,145.0,2022-08-24,2.0,20730
Michigan,157.0,2022-08-25,12.0,20730
Michigan,165.0,2022-08-26,8.0,20730
Michigan,165.0,2022-08-27,0.0,20730
Michigan,165.0,2022-08-28,0.0,20730
Michigan,165.0,2022-08-29,0.0,20730
Michigan,165.0,2022-08-30,0.0,20730
Michigan,186.0,2022-08-31,21.0,20730
Michigan,190.0,2022-09-01,4.0,20730
Michigan,199.0,2022-09-02,9.0,20730
Michigan,199.0,2022-09-03,0.0,20730
Michigan,199.0,2022-09-04,0.0,20730
Michigan,199.0,2022-09-05,0.0,20730
Michigan,200.0,2022-09-06,1.0,20730
Minnesota,39.0,2022-08-04,0.0,20730
Minnesota,46.0,2022-08-05,7.0,20730
Minnesota,46.0,2022-08-06,0.0,20730
Minnesota,46.0,2022-08-07,0.0,20730
Minnesota,52.0,2022-08-08,6.0,20730
Minnesota,55.0,2022-08-09,3.0,20730
Minnesota,55.0,2022-08-10,0.0,20730
Minnesota,58.0,2022-08-11,3.0,20730
Minnesota,66.0,2022-08-12,8.0,20730
Minnesota,66.0,2022-08-13,0.0,20730
Minnesota,66.0,2022-08-14,0.0,20730
Minnesota,72.0,2022-08-15,6.0,20730
Minnesota,75.0,2022-08-16,3.0,20730
Minnesota,78.0,2022-08-17,3.0,20730
Minnesota,87.0,2022-08-18,9.0,20730
Minnesota,87.0,2022-08-19,0.0,20730
Minnesota,87.0,2022-08-20,0.0,20730
Minnesota,87.0,2022-08-21,0.0,20730
Minnesota,101.0,2022-08-22,14.0,20730
Minnesota,103.0,2022-08-23,2.0,20730
Minnesota,106.0,2022-08-24,3.0,20730
Minnesota,106.0,2022-08-25,0.0,20730
Minnesota,109.0,2022-08-26,3.0,20730
Minnesota,109.0,2022-08-27,0.0,20730
Minnesota,109.0,2022-08-28,0.0,20730
Minnesota,116.0,2022-08-29,7.0,20730
Minnesota,124.0,2022-08-30,8.0,20730
Minnesota,123.0,2022-08-31,-1.0,20730
Minnesota,128.0,2022-09-01,5.0,20730
Minnesota,130.0,2022-09-02,2.0,20730
Minnesota,130.0,2022-09-03,0.0,20730
Minnesota,130.0,2022-09-04,0.0,20730
Minnesota,130.0,2022-09-05,0.0,20730
Minnesota,141.0,2022-09-06,11.0,20730
Mississippi,4.0,2022-08-04,0.0,20730
Mississippi,6.0,2022-08-05,2.0,20730
Mississippi,6.0,2022-08-06,0.0,20730
Mississippi,6.0,2022-08-07,0.0,20730
Mississippi,7.0,2022-08-08,1.0,20730
Mississippi,8.0,2022-08-09,1.0,20730
Mississippi,8.0,2022-08-10,0.0,20730
Mississippi,8.0,2022-08-11,0.0,20730
Mississippi,11.0,2022-08-12,3.0,20730
Mississippi,11.0,2022-08-13,0.0,20730
Mississippi,11.0,2022-08-14,0.0,20730
Mississippi,11.0,2022-08-15,0.0,20730
Mississippi,16.0,2022-08-16,5.0,20730
Mississippi,17.0,2022-08-17,1.0,20730
Mississippi,18.0,2022-08-18,1.0,20730
Mississippi,18.0,2022-08-19,0.0,20730
Mississippi,18.0,2022-08-20,0.0,20730
Mississippi,18.0,2022-08-21,0.0,20730
Mississippi,19.0,2022-08-22,1.0,20730
Mississippi,21.0,2022-08-23,2.0,20730
Mississippi,23.0,2022-08-24,2.0,20730
Mississippi,25.0,2022-08-25,2.0,20730
Mississippi,29.0,2022-08-26,4.0,20730
Mississippi,29.0,2022-08-27,0.0,20730
Mississippi,29.0,2022-08-28,0.0,20730
Mississippi,30.0,2022-08-29,1.0,20730
Mississippi,32.0,2022-08-30,2.0,20730
Mississippi,32.0,2022-08-31,0.0,20730
Mississippi,36.0,2022-09-01,4.0,20730
Mississippi,40.0,2022-09-02,4.0,20730
Mississippi,40.0,2022-09-03,0.0,20730
Mississippi,40.0,2022-09-04,0.0,20730
Mississippi,40.0,2022-09-05,0.0,20730
Mississippi,41.0,2022-09-06,1.0,20730
Missouri,12.0,2022-08-04,0.0,20730
Missouri,14.0,2022-08-05,2.0,20730
Missouri,14.0,2022-08-06,0.0,20730
Missouri,14.0,2022-08-07,0.0,20730
Missouri,15.0,2022-08-08,1.0,20730
Missouri,17.0,2022-08-09,2.0,20730
Missouri,17.0,2022-08-10,0.0,20730
Missouri,18.0,2022-08-11,1.0,20730
Missouri,20.0,2022-08-12,2.0,20730
Missouri,20.0,2022-08-13,0.0,20730
Missouri,20.0,2022-08-14,0.0,20730
Missouri,21.0,2022-08-15,1.0,20730
Missouri,24.0,2022-08-16,3.0,20730
Missouri,25.0,2022-08-17,1.0,20730
Missouri,25.0,2022-08-18,0.0,20730
Missouri,25.0,2022-08-19,0.0,20730
Missouri,25.0,2022-08-20,0.0,20730
Missouri,25.0,2022-08-21,0.0,20730
Missouri,34.0,2022-08-22,9.0,20730
Missouri,38.0,2022-08-23,4.0,20730
Missouri,39.0,2022-08-24,1.0,20730
Missouri,41.0,2022-08-25,2.0,20730
Missouri,42.0,2022-08-26,1.0,20730
Missouri,42.0,2022-08-27,0.0,20730
Missouri,42.0,2022-08-28,0.0,20730
Missouri,47.0,2022-08-29,5.0,20730
Missouri,50.0,2022-08-30,3.0,20730
Missouri,53.0,2022-08-31,3.0,20730
Missouri,53.0,2022-09-01,0.0,20730
Missouri,55.0,2022-09-02,2.0,20730
Missouri,55.0,2022-09-03,0.0,20730
Missouri,55.0,2022-09-04,0.0,20730
Missouri,55.0,2022-09-05,0.0,20730
Missouri,59.0,2022-09-06,4.0,20730
Montana,0.0,2022-08-04,0.0,20730
Montana,0.0,2022-08-05,0.0,20730
Montana,0.0,2022-08-06,0.0,20730
Montana,0.0,2022-08-07,0.0,20730
Montana,1.0,2022-08-08,1.0,20730
Montana,1.0,2022-08-09,0.0,20730
Montana,1.0,2022-08-10,0.0,20730
Montana,2.0,2022-08-11,1.0,20730
Montana,2.0,2022-08-12,0.0,20730
Montana,2.0,2022-08-13,0.0,20730
Montana,2.0,2022-08-14,0.0,20730
Montana,2.0,2022-08-15,0.0,20730
Montana,2.0,2022-08-16,0.0,20730
Montana,2.0,2022-08-17,0.0,20730
Montana,2.0,2022-08-18,0.0,20730
Montana,2.0,2022-08-19,0.0,20730
Montana,2.0,2022-08-20,0.0,20730
Montana,2.0,2022-08-21,0.0,20730
Montana,2.0,2022-08-22,0.0,20730
Montana,2.0,2022-08-23,0.0,20730
Montana,2.0,2022-08-24,0.0,20730
Montana,2.0,2022-08-25,0.0,20730
Montana,3.0,2022-08-26,1.0,20730
Montana,3.0,2022-08-27,0.0,20730
Montana,3.0,2022-08-28,0.0,20730
Montana,3.0,2022-08-29,0.0,20730
Montana,4.0,2022-08-30,1.0,20730
Montana,5.0,2022-08-31,1.0,20730
Montana,5.0,2022-09-01,0.0,20730
Montana,5.0,2022-09-02,0.0,20730
Montana,5.0,2022-09-03,0.0,20730
Montana,5.0,2022-09-04,0.0,20730
Montana,5.0,2022-09-05,0.0,20730
Montana,5.0,2022-09-06,0.0,20730
Nebraska,10.0,2022-08-04,0.0,20730
Nebraska,12.0,2022-08-05,2.0,20730
Nebraska,12.0,2022-08-06,0.0,20730
Nebraska,12.0,2022-08-07,0.0,20730
Nebraska,14.0,2022-08-08,2.0,20730
Nebraska,14.0,2022-08-09,0.0,20730
Nebraska,14.0,2022-08-10,0.0,20730
Nebraska,14.0,2022-08-11,0.0,20730
Nebraska,15.0,2022-08-12,1.0,20730
Nebraska,15.0,2022-08-13,0.0,20730
Nebraska,15.0,2022-08-14,0.0,20730
Nebraska,15.0,2022-08-15,0.0,20730
Nebraska,17.0,2022-08-16,2.0,20730
Nebraska,17.0,2022-08-17,0.0,20730
Nebraska,18.0,2022-08-18,1.0,20730
Nebraska,18.0,2022-08-19,0.0,20730
Nebraska,18.0,2022-08-20,0.0,20730
Nebraska,18.0,2022-08-21,0.0,20730
Nebraska,21.0,2022-08-22,3.0,20730
Nebraska,23.0,2022-08-23,2.0,20730
Nebraska,23.0,2022-08-24,0.0,20730
Nebraska,23.0,2022-08-25,0.0,20730
Nebraska,25.0,2022-08-26,2.0,20730
Nebraska,25.0,2022-08-27,0.0,20730
Nebraska,25.0,2022-08-28,0.0,20730
Nebraska,26.0,2022-08-29,1.0,20730
Nebraska,26.0,2022-08-30,0.0,20730
Nebraska,27.0,2022-08-31,1.0,20730
Nebraska,27.0,2022-09-01,0.0,20730
Nebraska,27.0,2022-09-02,0.0,20730
Nebraska,27.0,2022-09-03,0.0,20730
Nebraska,27.0,2022-09-04,0.0,20730
Nebraska,27.0,2022-09-05,0.0,20730
Nebraska,28.0,2022-09-06,1.0,20730
Nevada,26.0,2022-08-04,0.0,20730
Nevada,29.0,2022-08-05,3.0,20730
Nevada,29.0,2022-08-06,0.0,20730
Nevada,29.0,2022-08-07,0.0,20730
Nevada,39.0,2022-08-08,10.0,20730
Nevada,55.0,2022-08-09,16.0,20730
Nevada,55.0,2022-08-10,0.0,20730
Nevada,56.0,2022-08-11,1.0,20730
Nevada,74.0,2022-08-12,18.0,20730
Nevada,74.0,2022-08-13,0.0,20730
Nevada,74.0,2022-08-14,0.0,20730
Nevada,76.0,2022-08-15,2.0,20730
Nevada,83.0,2022-08-16,7.0,20730
Nevada,109.0,2022-08-17,26.0,20730
Nevada,113.0,2022-08-18,4.0,20730
Nevada,113.0,2022-08-19,0.0,20730
Nevada,113.0,2022-08-20,0.0,20730
Nevada,113.0,2022-08-21,0.0,20730
Nevada,118.0,2022-08-22,5.0,20730
Nevada,124.0,2022-08-23,6.0,20730
Nevada,124.0,2022-08-24,0.0,20730
Nevada,126.0,2022-08-25,2.0,20730
Nevada,127.0,2022-08-26,1.0,20730
Nevada,127.0,2022-08-27,0.0,20730
Nevada,127.0,2022-08-28,0.0,20730
Nevada,132.0,2022-08-29,5.0,20730
Nevada,139.0,2022-08-30,7.0,20730
Nevada,141.0,2022-08-31,2.0,20730
Nevada,149.0,2022-09-01,8.0,20730
Nevada,154.0,2022-09-02,5.0,20730
Nevada,154.0,2022-09-03,0.0,20730
Nevada,154.0,2022-09-04,0.0,20730
Nevada,154.0,2022-09-05,0.0,20730
Nevada,154.0,2022-09-06,0.0,20730
New Hampshire,14.0,2022-08-04,0.0,20730
New Hampshire,15.0,2022-08-05,1.0,20730
New Hampshire,15.0,2022-08-06,0.0,20730
New Hampshire,15.0,2022-08-07,0.0,20730
New Hampshire,15.0,2022-08-08,0.0,20730
New Hampshire,15.0,2022-08-09,0.0,20730
New Hampshire,15.0,2022-08-10,0.0,20730
New Hampshire,15.0,2022-08-11,0.0,20730
New Hampshire,15.0,2022-08-12,0.0,20730
New Hampshire,15.0,2022-08-13,0.0,20730
New Hampshire,15.0,2022-08-14,0.0,20730
New Hampshire,15.0,2022-08-15,0.0,20730
New Hampshire,15.0,2022-08-16,0.0,20730
New Hampshire,15.0,2022-08-17,0.0,20730
New Hampshire,16.0,2022-08-18,1.0,20730
New Hampshire,16.0,2022-08-19,0.0,20730
New Hampshire,16.0,2022-08-20,0.0,20730
New Hampshire,16.0,2022-08-21,0.0,20730
New Hampshire,16.0,2022-08-22,0.0,20730
New Hampshire,16.0,2022-08-23,0.0,20730
New Hampshire,17.0,2022-08-24,1.0,20730
New Hampshire,18.0,2022-08-25,1.0,20730
New Hampshire,19.0,2022-08-26,1.0,20730
New Hampshire,19.0,2022-08-27,0.0,20730
New Hampshire,19.0,2022-08-28,0.0,20730
New Hampshire,19.0,2022-08-29,0.0,20730
New Hampshire,19.0,2022-08-30,0.0,20730
New Hampshire,20.0,2022-08-31,1.0,20730
New Hampshire,22.0,2022-09-01,2.0,20730
New Hampshire,22.0,2022-09-02,0.0,20730
New Hampshire,22.0,2022-09-03,0.0,20730
New Hampshire,22.0,2022-09-04,0.0,20730
New Hampshire,22.0,2022-09-05,0.0,20730
New Hampshire,22.0,2022-09-06,0.0,20730
New Jersey,160.0,2022-08-04,0.0,20730
New Jersey,188.0,2022-08-05,28.0,20730
New Jersey,188.0,2022-08-06,0.0,20730
New Jersey,188.0,2022-08-07,0.0,20730
New Jersey,243.0,2022-08-08,55.0,20730
New Jersey,264.0,2022-08-09,21.0,20730
New Jersey,264.0,2022-08-10,0.0,20730
New Jersey,277.0,2022-08-11,13.0,20730
New Jersey,293.0,2022-08-12,16.0,20730
New Jersey,293.0,2022-08-13,0.0,20730
New Jersey,293.0,2022-08-14,0.0,20730
New Jersey,335.0,2022-08-15,42.0,20730
New Jersey,335.0,2022-08-16,0.0,20730
New Jersey,367.0,2022-08-17,32.0,20730
New Jersey,377.0,2022-08-18,10.0,20730
New Jersey,377.0,2022-08-19,0.0,20730
New Jersey,377.0,2022-08-20,0.0,20730
New Jersey,377.0,2022-08-21,0.0,20730
New Jersey,420.0,2022-08-22,43.0,20730
New Jersey,420.0,2022-08-23,0.0,20730
New Jersey,450.0,2022-08-24,30.0,20730
New Jersey,471.0,2022-08-25,21.0,20730
New Jersey,479.0,2022-08-26,8.0,20730
New Jersey,479.0,2022-08-27,0.0,20730
New Jersey,479.0,2022-08-28,0.0,20730
New Jersey,504.0,2022-08-29,25.0,20730
New Jersey,512.0,2022-08-30,8.0,20730
New Jersey,512.0,2022-08-31,0.0,20730
New Jersey,538.0,2022-09-01,26.0,20730
New Jersey,561.0,2022-09-02,23.0,20730
New Jersey,561.0,2022-09-03,0.0,20730
New Jersey,561.0,2022-09-04,0.0,20730
New Jersey,561.0,2022-09-05,0.0,20730
New Jersey,594.0,2022-09-06,33.0,20730
New Mexico,10.0,2022-08-04,0.0,20730
New Mexico,10.0,2022-08-05,0.0,20730
New Mexico,10.0,2022-08-06,0.0,20730
New Mexico,10.0,2022-08-07,0.0,20730
New Mexico,13.0,2022-08-08,3.0,20730
New Mexico,13.0,2022-08-09,0.0,20730
New Mexico,13.0,2022-08-10,0.0,20730
New Mexico,13.0,2022-08-11,0.0,20730
New Mexico,16.0,2022-08-12,3.0,20730
New Mexico,16.0,2022-08-13,0.0,20730
New Mexico,16.0,2022-08-14,0.0,20730
New Mexico,16.0,2022-08-15,0.0,20730
New Mexico,16.0,2022-08-16,0.0,20730
New Mexico,16.0,2022-08-17,0.0,20730
New Mexico,16.0,2022-08-18,0.0,20730
New Mexico,16.0,2022-08-19,0.0,20730
New Mexico,16.0,2022-08-20,0.0,20730
New Mexico,16.0,2022-08-21,0.0,20730
New Mexico,19.0,2022-08-22,3.0,20730
New Mexico,19.0,2022-08-23,0.0,20730
New Mexico,21.0,2022-08-24,2.0,20730
New Mexico,23.0,2022-08-25,2.0,20730
New Mexico,23.0,2022-08-26,0.0,20730
New Mexico,23.0,2022-08-27,0.0,20730
New Mexico,23.0,2022-08-28,0.0,20730
New Mexico,25.0,2022-08-29,2.0,20730
New Mexico,25.0,2022-08-30,0.0,20730
New Mexico,26.0,2022-08-31,1.0,20730
New Mexico,26.0,2022-09-01,0.0,20730
New Mexico,26.0,2022-09-02,0.0,20730
New Mexico,26.0,2022-09-03,0.0,20730
New Mexico,26.0,2022-09-04,0.0,20730
New Mexico,26.0,2022-09-05,0.0,20730
New Mexico,27.0,2022-09-06,1.0,20730
New York,1666.0,2022-08-04,0.0,20730
New York,1862.0,2022-08-05,196.0,20730
New York,1862.0,2022-08-06,0.0,20730
New York,1862.0,2022-08-07,0.0,20730
New York,1960.0,2022-08-08,98.0,20730
New York,2104.0,2022-08-09,144.0,20730
New York,2104.0,2022-08-10,0.0,20730
New York,2132.0,2022-08-11,28.0,20730
New York,2295.0,2022-08-12,163.0,20730
New York,2295.0,2022-08-13,0.0,20730
New York,2295.0,2022-08-14,0.0,20730
New York,2376.0,2022-08-15,81.0,20730
New York,2620.0,2022-08-16,244.0,20730
New York,2675.0,2022-08-17,55.0,20730
New York,2744.0,2022-08-18,69.0,20730
New York,2744.0,2022-08-19,0.0,20730
New York,2744.0,2022-08-20,0.0,20730
New York,2744.0,2022-08-21,0.0,20730
New York,2910.0,2022-08-22,166.0,20730
New York,3019.0,2022-08-23,109.0,20730
New York,3038.0,2022-08-24,19.0,20730
New York,3117.0,2022-08-25,79.0,20730
New York,3124.0,2022-08-26,7.0,20730
New York,3124.0,2022-08-27,0.0,20730
New York,3124.0,2022-08-28,0.0,20730
New York,3197.0,2022-08-29,73.0,20730
New York,3273.0,2022-08-30,76.0,20730
New York,3310.0,2022-08-31,37.0,20730
New York,3367.0,2022-09-01,57.0,20730
New York,3403.0,2022-09-02,36.0,20730
New York,3403.0,2022-09-03,0.0,20730
New York,3403.0,2022-09-04,0.0,20730
New York,3403.0,2022-09-05,0.0,20730
New York,3526.0,2022-09-06,123.0,20730
North Carolina,72.0,2022-08-04,0.0,20730
North Carolina,95.0,2022-08-05,23.0,20730
North Carolina,95.0,2022-08-06,0.0,20730
North Carolina,95.0,2022-08-07,0.0,20730
North Carolina,111.0,2022-08-08,16.0,20730
North Carolina,114.0,2022-08-09,3.0,20730
North Carolina,114.0,2022-08-10,0.0,20730
North Carolina,122.0,2022-08-11,8.0,20730
North Carolina,138.0,2022-08-12,16.0,20730
North Carolina,138.0,2022-08-13,0.0,20730
North Carolina,138.0,2022-08-14,0.0,20730
North Carolina,162.0,2022-08-15,24.0,20730
North Carolina,180.0,2022-08-16,18.0,20730
North Carolina,188.0,2022-08-17,8.0,20730
North Carolina,188.0,2022-08-18,0.0,20730
North Carolina,188.0,2022-08-19,0.0,20730
North Carolina,188.0,2022-08-20,0.0,20730
North Carolina,188.0,2022-08-21,0.0,20730
North Carolina,250.0,2022-08-22,62.0,20730
North Carolina,261.0,2022-08-23,11.0,20730
North Carolina,265.0,2022-08-24,4.0,20730
North Carolina,265.0,2022-08-25,0.0,20730
North Carolina,288.0,2022-08-26,23.0,20730
North Carolina,288.0,2022-08-27,0.0,20730
North Carolina,288.0,2022-08-28,0.0,20730
North Carolina,308.0,2022-08-29,20.0,20730
North Carolina,308.0,2022-08-30,0.0,20730
North Carolina,318.0,2022-08-31,10.0,20730
North Carolina,322.0,2022-09-01,4.0,20730
North Carolina,346.0,2022-09-02,24.0,20730
North Carolina,346.0,2022-09-03,0.0,20730
North Carolina,346.0,2022-09-04,0.0,20730
North Carolina,346.0,2022-09-05,0.0,20730
North Carolina,377.0,2022-09-06,31.0,20730
North Dakota,1.0,2022-08-04,0.0,20730
North Dakota,1.0,2022-08-05,0.0,20730
North Dakota,1.0,2022-08-06,0.0,20730
North Dakota,1.0,2022-08-07,0.0,20730
North Dakota,2.0,2022-08-08,1.0,20730
North Dakota,2.0,2022-08-09,0.0,20730
North Dakota,2.0,2022-08-10,0.0,20730
North Dakota,2.0,2022-08-11,0.0,20730
North Dakota,2.0,2022-08-12,0.0,20730
North Dakota,2.0,2022-08-13,0.0,20730
North Dakota,2.0,2022-08-14,0.0,20730
North Dakota,2.0,2022-08-15,0.0,20730
North Dakota,2.0,2022-08-16,0.0,20730
North Dakota,3.0,2022-08-17,1.0,20730
North Dakota,3.0,2022-08-18,0.0,20730
North Dakota,3.0,2022-08-19,0.0,20730
North Dakota,3.0,2022-08-20,0.0,20730
North Dakota,3.0,2022-08-21,0.0,20730
North Dakota,4.0,2022-08-22,1.0,20730
North Dakota,4.0,2022-08-23,0.0,20730
North Dakota,4.0,2022-08-24,0.0,20730
North Dakota,4.0,2022-08-25,0.0,20730
North Dakota,4.0,2022-08-26,0.0,20730
North Dakota,4.0,2022-08-27,0.0,20730
North Dakota,4.0,2022-08-28,0.0,20730
North Dakota,4.0,2022-08-29,0.0,20730
North Dakota,5.0,2022-08-30,1.0,20730
North Dakota,5.0,2022-08-31,0.0,20730
North Dakota,5.0,2022-09-01,0.0,20730
North Dakota,5.0,2022-09-02,0.0,20730
North Dakota,5.0,2022-09-03,0.0,20730
North Dakota,5.0,2022-09-04,0.0,20730
North Dakota,5.0,2022-09-05,0.0,20730
North Dakota,5.0,2022-09-06,0.0,20730
Ohio,34.0,2022-08-04,0.0,20730
Ohio,45.0,2022-08-05,11.0,20730
Ohio,45.0,2022-08-06,0.0,20730
Ohio,45.0,2022-08-07,0.0,20730
Ohio,68.0,2022-08-08,23.0,20730
Ohio,73.0,2022-08-09,5.0,20730
Ohio,73.0,2022-08-10,0.0,20730
Ohio,75.0,2022-08-11,2.0,20730
Ohio,89.0,2022-08-12,14.0,20730
Ohio,89.0,2022-08-13,0.0,20730
Ohio,89.0,2022-08-14,0.0,20730
Ohio,101.0,2022-08-15,12.0,20730
Ohio,116.0,2022-08-16,15.0,20730
Ohio,119.0,2022-08-17,3.0,20730
Ohio,123.0,2022-08-18,4.0,20730
Ohio,123.0,2022-08-19,0.0,20730
Ohio,123.0,2022-08-20,0.0,20730
Ohio,123.0,2022-08-21,0.0,20730
Ohio,133.0,2022-08-22,10.0,20730
Ohio,139.0,2022-08-23,6.0,20730
Ohio,144.0,2022-08-24,5.0,20730
Ohio,148.0,2022-08-25,4.0,20730
Ohio,151.0,2022-08-26,3.0,20730
Ohio,151.0,2022-08-27,0.0,20730
Ohio,151.0,2022-08-28,0.0,20730
Ohio,157.0,2022-08-29,6.0,20730
Ohio,167.0,2022-08-30,10.0,20730
Ohio,172.0,2022-08-31,5.0,20730
Ohio,185.0,2022-09-01,13.0,20730
Ohio,190.0,2022-09-02,5.0,20730
Ohio,190.0,2022-09-03,0.0,20730
Ohio,190.0,2022-09-04,0.0,20730
Ohio,190.0,2022-09-05,0.0,20730
Ohio,210.0,2022-09-06,20.0,20730
Oklahoma,10.0,2022-08-04,0.0,20730
Oklahoma,11.0,2022-08-05,1.0,20730
Oklahoma,11.0,2022-08-06,0.0,20730
Oklahoma,11.0,2022-08-07,0.0,20730
Oklahoma,11.0,2022-08-08,0.0,20730
Oklahoma,11.0,2022-08-09,0.0,20730
Oklahoma,11.0,2022-08-10,0.0,20730
Oklahoma,12.0,2022-08-11,1.0,20730
Oklahoma,12.0,2022-08-12,0.0,20730
Oklahoma,12.0,2022-08-13,0.0,20730
Oklahoma,12.0,2022-08-14,0.0,20730
Oklahoma,15.0,2022-08-15,3.0,20730
Oklahoma,15.0,2022-08-16,0.0,20730
Oklahoma,15.0,2022-08-17,0.0,20730
Oklahoma,17.0,2022-08-18,2.0,20730
Oklahoma,17.0,2022-08-19,0.0,20730
Oklahoma,17.0,2022-08-20,0.0,20730
Oklahoma,17.0,2022-08-21,0.0,20730
Oklahoma,18.0,2022-08-22,1.0,20730
Oklahoma,20.0,2022-08-23,2.0,20730
Oklahoma,22.0,2022-08-24,2.0,20730
Oklahoma,22.0,2022-08-25,0.0,20730
Oklahoma,22.0,2022-08-26,0.0,20730
Oklahoma,22.0,2022-08-27,0.0,20730
Oklahoma,22.0,2022-08-28,0.0,20730
Oklahoma,22.0,2022-08-29,0.0,20730
Oklahoma,22.0,2022-08-30,0.0,20730
Oklahoma,22.0,2022-08-31,0.0,20730
Oklahoma,24.0,2022-09-01,2.0,20730
Oklahoma,24.0,2022-09-02,0.0,20730
Oklahoma,24.0,2022-09-03,0.0,20730
Oklahoma,24.0,2022-09-04,0.0,20730
Oklahoma,24.0,2022-09-05,0.0,20730
Oklahoma,24.0,2022-09-06,0.0,20730
Oregon,75.0,2022-08-04,0.0,20730
Oregon,80.0,2022-08-05,5.0,20730
Oregon,80.0,2022-08-06,0.0,20730
Oregon,80.0,2022-08-07,0.0,20730
Oregon,80.0,2022-08-08,0.0,20730
Oregon,93.0,2022-08-09,13.0,20730
Oregon,93.0,2022-08-10,0.0,20730
Oregon,93.0,2022-08-11,0.0,20730
Oregon,95.0,2022-08-12,2.0,20730
Oregon,95.0,2022-08-13,0.0,20730
Oregon,95.0,2022-08-14,0.0,20730
Oregon,96.0,2022-08-15,1.0,20730
Oregon,105.0,2022-08-16,9.0,20730
Oregon,116.0,2022-08-17,11.0,20730
Oregon,116.0,2022-08-18,0.0,20730
Oregon,116.0,2022-08-19,0.0,20730
Oregon,116.0,2022-08-20,0.0,20730
Oregon,116.0,2022-08-21,0.0,20730
Oregon,141.0,2022-08-22,25.0,20730
Oregon,141.0,2022-08-23,0.0,20730
Oregon,141.0,2022-08-24,0.0,20730
Oregon,141.0,2022-08-25,0.0,20730
Oregon,141.0,2022-08-26,0.0,20730
Oregon,141.0,2022-08-27,0.0,20730
Oregon,141.0,2022-08-28,0.0,20730
Oregon,141.0,2022-08-29,0.0,20730
Oregon,141.0,2022-08-30,0.0,20730
Oregon,141.0,2022-08-31,0.0,20730
Oregon,141.0,2022-09-01,0.0,20730
Oregon,141.0,2022-09-02,0.0,20730
Oregon,141.0,2022-09-03,0.0,20730
Oregon,141.0,2022-09-04,0.0,20730
Oregon,141.0,2022-09-05,0.0,20730
Oregon,141.0,2022-09-06,0.0,20730
Pennsylvania,173.0,2022-08-04,0.0,20730
Pennsylvania,205.0,2022-08-05,32.0,20730
Pennsylvania,205.0,2022-08-06,0.0,20730
Pennsylvania,205.0,2022-08-07,0.0,20730
Pennsylvania,234.0,2022-08-08,29.0,20730
Pennsylvania,251.0,2022-08-09,17.0,20730
Pennsylvania,251.0,2022-08-10,0.0,20730
Pennsylvania,268.0,2022-08-11,17.0,20730
Pennsylvania,298.0,2022-08-12,30.0,20730
Pennsylvania,298.0,2022-08-13,0.0,20730
Pennsylvania,298.0,2022-08-14,0.0,20730
Pennsylvania,336.0,2022-08-15,38.0,20730
Pennsylvania,353.0,2022-08-16,17.0,20730
Pennsylvania,362.0,2022-08-17,9.0,20730
Pennsylvania,371.0,2022-08-18,9.0,20730
Pennsylvania,371.0,2022-08-19,0.0,20730
Pennsylvania,371.0,2022-08-20,0.0,20730
Pennsylvania,371.0,2022-08-21,0.0,20730
Pennsylvania,422.0,2022-08-22,51.0,20730
Pennsylvania,443.0,2022-08-23,21.0,20730
Pennsylvania,451.0,2022-08-24,8.0,20730
Pennsylvania,465.0,2022-08-25,14.0,20730
Pennsylvania,477.0,2022-08-26,12.0,20730
Pennsylvania,477.0,2022-08-27,0.0,20730
Pennsylvania,477.0,2022-08-28,0.0,20730
Pennsylvania,516.0,2022-08-29,39.0,20730
Pennsylvania,531.0,2022-08-30,15.0,20730
Pennsylvania,544.0,2022-08-31,13.0,20730
Pennsylvania,561.0,2022-09-01,17.0,20730
Pennsylvania,572.0,2022-09-02,11.0,20730
Pennsylvania,572.0,2022-09-03,0.0,20730
Pennsylvania,572.0,2022-09-04,0.0,20730
Pennsylvania,572.0,2022-09-05,0.0,20730
Pennsylvania,603.0,2022-09-06,31.0,20730
Puerto Rico,19.0,2022-08-04,0.0,20730
Puerto Rico,19.0,2022-08-05,0.0,20730
Puerto Rico,19.0,2022-08-06,0.0,20730
Puerto Rico,19.0,2022-08-07,0.0,20730
Puerto Rico,32.0,2022-08-08,13.0,20730
Puerto Rico,32.0,2022-08-09,0.0,20730
Puerto Rico,32.0,2022-08-10,0.0,20730
Puerto Rico,32.0,2022-08-11,0.0,20730
Puerto Rico,48.0,2022-08-12,16.0,20730
Puerto Rico,48.0,2022-08-13,0.0,20730
Puerto Rico,48.0,2022-08-14,0.0,20730
Puerto Rico,48.0,2022-08-15,0.0,20730
Puerto Rico,54.0,2022-08-16,6.0,20730
Puerto Rico,66.0,2022-08-17,12.0,20730
Puerto Rico,66.0,2022-08-18,0.0,20730
Puerto Rico,66.0,2022-08-19,0.0,20730
Puerto Rico,66.0,2022-08-20,0.0,20730
Puerto Rico,66.0,2022-08-21,0.0,20730
Puerto Rico,77.0,2022-08-22,11.0,20730
Puerto Rico,77.0,2022-08-23,0.0,20730
Puerto Rico,90.0,2022-08-24,13.0,20730
Puerto Rico,90.0,2022-08-25,0.0,20730
Puerto Rico,97.0,2022-08-26,7.0,20730
Puerto Rico,97.0,2022-08-27,0.0,20730
Puerto Rico,97.0,2022-08-28,0.0,20730
Puerto Rico,107.0,2022-08-29,10.0,20730
Puerto Rico,110.0,2022-08-30,3.0,20730
Puerto Rico,111.0,2022-08-31,1.0,20730
Puerto Rico,111.0,2022-09-01,0.0,20730
Puerto Rico,111.0,2022-09-02,0.0,20730
Puerto Rico,111.0,2022-09-03,0.0,20730
Puerto Rico,111.0,2022-09-04,0.0,20730
Puerto Rico,111.0,2022-09-05,0.0,20730
Puerto Rico,126.0,2022-09-06,15.0,20730
Rhode Island,26.0,2022-08-04,0.0,20730
Rhode Island,29.0,2022-08-05,3.0,20730
Rhode Island,29.0,2022-08-06,0.0,20730
Rhode Island,29.0,2022-08-07,0.0,20730
Rhode Island,31.0,2022-08-08,2.0,20730
Rhode Island,31.0,2022-08-09,0.0,20730
Rhode Island,31.0,2022-08-10,0.0,20730
Rhode Island,32.0,2022-08-11,1.0,20730
Rhode Island,31.0,2022-08-12,-1.0,20730
Rhode Island,31.0,2022-08-13,0.0,20730
Rhode Island,31.0,2022-08-14,0.0,20730
Rhode Island,33.0,2022-08-15,2.0,20730
Rhode Island,33.0,2022-08-16,0.0,20730
Rhode Island,33.0,2022-08-17,0.0,20730
Rhode Island,37.0,2022-08-18,4.0,20730
Rhode Island,37.0,2022-08-19,0.0,20730
Rhode Island,37.0,2022-08-20,0.0,20730
Rhode Island,37.0,2022-08-21,0.0,20730
Rhode Island,38.0,2022-08-22,1.0,20730
Rhode Island,40.0,2022-08-23,2.0,20730
Rhode Island,40.0,2022-08-24,0.0,20730
Rhode Island,41.0,2022-08-25,1.0,20730
Rhode Island,42.0,2022-08-26,1.0,20730
Rhode Island,42.0,2022-08-27,0.0,20730
Rhode Island,42.0,2022-08-28,0.0,20730
Rhode Island,42.0,2022-08-29,0.0,20730
Rhode Island,42.0,2022-08-30,0.0,20730
Rhode Island,43.0,2022-08-31,1.0,20730
Rhode Island,48.0,2022-09-01,5.0,20730
Rhode Island,52.0,2022-09-02,4.0,20730
Rhode Island,52.0,2022-09-03,0.0,20730
Rhode Island,52.0,2022-09-04,0.0,20730
Rhode Island,52.0,2022-09-05,0.0,20730
Rhode Island,53.0,2022-09-06,1.0,20730
South Carolina,23.0,2022-08-04,0.0,20730
South Carolina,30.0,2022-08-05,7.0,20730
South Carolina,30.0,2022-08-06,0.0,20730
South Carolina,30.0,2022-08-07,0.0,20730
South Carolina,39.0,2022-08-08,9.0,20730
South Carolina,41.0,2022-08-09,2.0,20730
South Carolina,41.0,2022-08-10,0.0,20730
South Carolina,44.0,2022-08-11,3.0,20730
South Carolina,60.0,2022-08-12,16.0,20730
South Carolina,60.0,2022-08-13,0.0,20730
South Carolina,60.0,2022-08-14,0.0,20730
South Carolina,63.0,2022-08-15,3.0,20730
South Carolina,71.0,2022-08-16,8.0,20730
South Carolina,73.0,2022-08-17,2.0,20730
South Carolina,72.0,2022-08-18,-1.0,20730
South Carolina,72.0,2022-08-19,0.0,20730
South Carolina,72.0,2022-08-20,0.0,20730
South Carolina,72.0,2022-08-21,0.0,20730
South Carolina,86.0,2022-08-22,14.0,20730
South Carolina,90.0,2022-08-23,4.0,20730
South Carolina,94.0,2022-08-24,4.0,20730
South Carolina,95.0,2022-08-25,1.0,20730
South Carolina,100.0,2022-08-26,5.0,20730
South Carolina,100.0,2022-08-27,0.0,20730
South Carolina,100.0,2022-08-28,0.0,20730
South Carolina,109.0,2022-08-29,9.0,20730
South Carolina,113.0,2022-08-30,4.0,20730
South Carolina,113.0,2022-08-31,0.0,20730
South Carolina,114.0,2022-09-01,1.0,20730
South Carolina,115.0,2022-09-02,1.0,20730
South Carolina,115.0,2022-09-03,0.0,20730
South Carolina,115.0,2022-09-04,0.0,20730
South Carolina,115.0,2022-09-05,0.0,20730
South Carolina,119.0,2022-09-06,4.0,20730
South Dakota,1.0,2022-08-04,0.0,20730
South Dakota,1.0,2022-08-05,0.0,20730
South Dakota,1.0,2022-08-06,0.0,20730
South Dakota,1.0,2022-08-07,0.0,20730
South Dakota,1.0,2022-08-08,0.0,20730
South Dakota,2.0,2022-08-09,1.0,20730
South Dakota,2.0,2022-08-10,0.0,20730
South Dakota,2.0,2022-08-11,0.0,20730
South Dakota,2.0,2022-08-12,0.0,20730
South Dakota,2.0,2022-08-13,0.0,20730
South Dakota,2.0,2022-08-14,0.0,20730
South Dakota,2.0,2022-08-15,0.0,20730
South Dakota,2.0,2022-08-16,0.0,20730
South Dakota,2.0,2022-08-17,0.0,20730
South Dakota,2.0,2022-08-18,0.0,20730
South Dakota,2.0,2022-08-19,0.0,20730
South Dakota,2.0,2022-08-20,0.0,20730
South Dakota,2.0,2022-08-21,0.0,20730
South Dakota,2.0,2022-08-22,0.0,20730
South Dakota,2.0,2022-08-23,0.0,20730
South Dakota,2.0,2022-08-24,0.0,20730
South Dakota,2.0,2022-08-25,0.0,20730
South Dakota,2.0,2022-08-26,0.0,20730
South Dakota,2.0,2022-08-27,0.0,20730
South Dakota,2.0,2022-08-28,0.0,20730
South Dakota,2.0,2022-08-29,0.0,20730
South Dakota,2.0,2022-08-30,0.0,20730
South Dakota,2.0,2022-08-31,0.0,20730
South Dakota,2.0,2022-09-01,0.0,20730
South Dakota,2.0,2022-09-02,0.0,20730
South Dakota,2.0,2022-09-03,0.0,20730
South Dakota,2.0,2022-09-04,0.0,20730
South Dakota,2.0,2022-09-05,0.0,20730
South Dakota,2.0,2022-09-06,0.0,20730
Tennessee,39.0,2022-08-04,0.0,20730
Tennessee,42.0,2022-08-05,3.0,20730
Tennessee,42.0,2022-08-06,0.0,20730
Tennessee,42.0,2022-08-07,0.0,20730
Tennessee,52.0,2022-08-08,10.0,20730
Tennessee,55.0,2022-08-09,3.0,20730
Tennessee,55.0,2022-08-10,0.0,20730
Tennessee,62.0,2022-08-11,7.0,20730
Tennessee,67.0,2022-08-12,5.0,20730
Tennessee,67.0,2022-08-13,0.0,20730
Tennessee,67.0,2022-08-14,0.0,20730
Tennessee,87.0,2022-08-15,20.0,20730
Tennessee,93.0,2022-08-16,6.0,20730
Tennessee,99.0,2022-08-17,6.0,20730
Tennessee,107.0,2022-08-18,8.0,20730
Tennessee,107.0,2022-08-19,0.0,20730
Tennessee,107.0,2022-08-20,0.0,20730
Tennessee,107.0,2022-08-21,0.0,20730
Tennessee,137.0,2022-08-22,30.0,20730
Tennessee,139.0,2022-08-23,2.0,20730
Tennessee,139.0,2022-08-24,0.0,20730
Tennessee,152.0,2022-08-25,13.0,20730
Tennessee,156.0,2022-08-26,4.0,20730
Tennessee,156.0,2022-08-27,0.0,20730
Tennessee,156.0,2022-08-28,0.0,20730
Tennessee,165.0,2022-08-29,9.0,20730
Tennessee,176.0,2022-08-30,11.0,20730
Tennessee,181.0,2022-08-31,5.0,20730
Tennessee,189.0,2022-09-01,8.0,20730
Tennessee,192.0,2022-09-02,3.0,20730
Tennessee,192.0,2022-09-03,0.0,20730
Tennessee,192.0,2022-09-04,0.0,20730
Tennessee,192.0,2022-09-05,0.0,20730
Tennessee,208.0,2022-09-06,16.0,20730
Texas,527.0,2022-08-04,0.0,20730
Texas,606.0,2022-08-05,79.0,20730
Texas,606.0,2022-08-06,0.0,20730
Texas,606.0,2022-08-07,0.0,20730
Texas,702.0,2022-08-08,96.0,20730
Texas,748.0,2022-08-09,46.0,20730
Texas,748.0,2022-08-10,0.0,20730
Texas,780.0,2022-08-11,32.0,20730
Texas,815.0,2022-08-12,35.0,20730
Texas,815.0,2022-08-13,0.0,20730
Texas,815.0,2022-08-14,0.0,20730
Texas,992.0,2022-08-15,177.0,20730
Texas,1048.0,2022-08-16,56.0,20730
Texas,1078.0,2022-08-17,30.0,20730
Texas,1079.0,2022-08-18,1.0,20730
Texas,1079.0,2022-08-19,0.0,20730
Texas,1079.0,2022-08-20,0.0,20730
Texas,1079.0,2022-08-21,0.0,20730
Texas,1283.0,2022-08-22,204.0,20730
Texas,1340.0,2022-08-23,57.0,20730
Texas,1374.0,2022-08-24,34.0,20730
Texas,1432.0,2022-08-25,58.0,20730
Texas,1472.0,2022-08-26,40.0,20730
Texas,1472.0,2022-08-27,0.0,20730
Texas,1472.0,2022-08-28,0.0,20730
Texas,1604.0,2022-08-29,132.0,20730
Texas,1642.0,2022-08-30,38.0,20730
Texas,1664.0,2022-08-31,22.0,20730
Texas,1698.0,2022-09-01,34.0,20730
Texas,1730.0,2022-09-02,32.0,20730
Texas,1730.0,2022-09-03,0.0,20730
Texas,1730.0,2022-09-04,0.0,20730
Texas,1730.0,2022-09-05,0.0,20730
Texas,1859.0,2022-09-06,129.0,20730
Utah,41.0,2022-08-04,0.0,20730
Utah,46.0,2022-08-05,5.0,20730
Utah,46.0,2022-08-06,0.0,20730
Utah,46.0,2022-08-07,0.0,20730
Utah,48.0,2022-08-08,2.0,20730
Utah,56.0,2022-08-09,8.0,20730
Utah,56.0,2022-08-10,0.0,20730
Utah,57.0,2022-08-11,1.0,20730
Utah,69.0,2022-08-12,12.0,20730
Utah,69.0,2022-08-13,0.0,20730
Utah,69.0,2022-08-14,0.0,20730
Utah,73.0,2022-08-15,4.0,20730
Utah,73.0,2022-08-16,0.0,20730
Utah,73.0,2022-08-17,0.0,20730
Utah,77.0,2022-08-18,4.0,20730
Utah,77.0,2022-08-19,0.0,20730
Utah,77.0,2022-08-20,0.0,20730
Utah,77.0,2022-08-21,0.0,20730
Utah,89.0,2022-08-22,12.0,20730
Utah,89.0,2022-08-23,0.0,20730
Utah,89.0,2022-08-24,0.0,20730
Utah,90.0,2022-08-25,1.0,20730
Utah,93.0,2022-08-26,3.0,20730
Utah,93.0,2022-08-27,0.0,20730
Utah,93.0,2022-08-28,0.0,20730
Utah,99.0,2022-08-29,6.0,20730
Utah,99.0,2022-08-30,0.0,20730
Utah,100.0,2022-08-31,1.0,20730
Utah,103.0,2022-09-01,3.0,20730
Utah,103.0,2022-09-02,0.0,20730
Utah,103.0,2022-09-03,0.0,20730
Utah,103.0,2022-09-04,0.0,20730
Utah,103.0,2022-09-05,0.0,20730
Utah,110.0,2022-09-06,7.0,20730
Vermont,1.0,2022-08-04,0.0,20730
Vermont,1.0,2022-08-05,0.0,20730
Vermont,1.0,2022-08-06,0.0,20730
Vermont,1.0,2022-08-07,0.0,20730
Vermont,1.0,2022-08-08,0.0,20730
Vermont,1.0,2022-08-09,0.0,20730
Vermont,1.0,2022-08-10,0.0,20730
Vermont,1.0,2022-08-11,0.0,20730
Vermont,2.0,2022-08-12,1.0,20730
Vermont,2.0,2022-08-13,0.0,20730
Vermont,2.0,2022-08-14,0.0,20730
Vermont,2.0,2022-08-15,0.0,20730
Vermont,2.0,2022-08-16,0.0,20730
Vermont,2.0,2022-08-17,0.0,20730
Vermont,2.0,2022-08-18,0.0,20730
Vermont,2.0,2022-08-19,0.0,20730
Vermont,2.0,2022-08-20,0.0,20730
Vermont,2.0,2022-08-21,0.0,20730
Vermont,2.0,2022-08-22,0.0,20730
Vermont,2.0,2022-08-23,0.0,20730
Vermont,2.0,2022-08-24,0.0,20730
Vermont,2.0,2022-08-25,0.0,20730
Vermont,2.0,2022-08-26,0.0,20730
Vermont,2.0,2022-08-27,0.0,20730
Vermont,2.0,2022-08-28,0.0,20730
Vermont,3.0,2022-08-29,1.0,20730
Vermont,3.0,2022-08-30,0.0,20730
Vermont,3.0,2022-08-31,0.0,20730
Vermont,3.0,2022-09-01,0.0,20730
Vermont,3.0,2022-09-02,0.0,20730
Vermont,3.0,2022-09-03,0.0,20730
Vermont,3.0,2022-09-04,0.0,20730
Vermont,3.0,2022-09-05,0.0,20730
Vermont,3.0,2022-09-06,0.0,20730
Virginia,105.0,2022-08-04,0.0,20730
Virginia,122.0,2022-08-05,17.0,20730
Virginia,122.0,2022-08-06,0.0,20730
Virginia,122.0,2022-08-07,0.0,20730
Virginia,145.0,2022-08-08,23.0,20730
Virginia,145.0,2022-08-09,0.0,20730
Virginia,145.0,2022-08-10,0.0,20730
Virginia,175.0,2022-08-11,30.0,20730
Virginia,175.0,2022-08-12,0.0,20730
Virginia,175.0,2022-08-13,0.0,20730
Virginia,175.0,2022-08-14,0.0,20730
Virginia,175.0,2022-08-15,0.0,20730
Virginia,189.0,2022-08-16,14.0,20730
Virginia,189.0,2022-08-17,0.0,20730
Virginia,229.0,2022-08-18,40.0,20730
Virginia,229.0,2022-08-19,0.0,20730
Virginia,229.0,2022-08-20,0.0,20730
Virginia,229.0,2022-08-21,0.0,20730
Virginia,263.0,2022-08-22,34.0,20730
Virginia,263.0,2022-08-23,0.0,20730
Virginia,284.0,2022-08-24,21.0,20730
Virginia,284.0,2022-08-25,0.0,20730
Virginia,302.0,2022-08-26,18.0,20730
Virginia,302.0,2022-08-27,0.0,20730
Virginia,302.0,2022-08-28,0.0,20730
Virginia,302.0,2022-08-29,0.0,20730
Virginia,325.0,2022-08-30,23.0,20730
Virginia,339.0,2022-08-31,14.0,20730
Virginia,339.0,2022-09-01,0.0,20730
Virginia,353.0,2022-09-02,14.0,20730
Virginia,353.0,2022-09-03,0.0,20730
Virginia,353.0,2022-09-04,0.0,20730
Virginia,353.0,2022-09-05,0.0,20730
Virginia,364.0,2022-09-06,11.0,20730
Washington,134.0,2022-08-04,0.0,20730
Washington,175.0,2022-08-05,41.0,20730
Washington,175.0,2022-08-06,0.0,20730
Washington,175.0,2022-08-07,0.0,20730
Washington,183.0,2022-08-08,8.0,20730
Washington,210.0,2022-08-09,27.0,20730
Washington,210.0,2022-08-10,0.0,20730
Washington,220.0,2022-08-11,10.0,20730
Washington,251.0,2022-08-12,31.0,20730
Washington,251.0,2022-08-13,0.0,20730
Washington,251.0,2022-08-14,0.0,20730
Washington,262.0,2022-08-15,11.0,20730
Washington,272.0,2022-08-16,10.0,20730
Washington,303.0,2022-08-17,31.0,20730
Washington,314.0,2022-08-18,11.0,20730
Washington,314.0,2022-08-19,0.0,20730
Washington,314.0,2022-08-20,0.0,20730
Washington,314.0,2022-08-21,0.0,20730
Washington,328.0,2022-08-22,14.0,20730
Washington,328.0,2022-08-23,0.0,20730
Washington,328.0,2022-08-24,0.0,20730
Washington,332.0,2022-08-25,4.0,20730
Washington,332.0,2022-08-26,0.0,20730
Washington,332.0,2022-08-27,0.0,20730
Washington,332.0,2022-08-28,0.0,20730
Washington,332.0,2022-08-29,0.0,20730
Washington,332.0,2022-08-30,0.0,20730
Washington,332.0,2022-08-31,0.0,20730
Washington,467.0,2022-09-01,135.0,20730
Washington,474.0,2022-09-02,7.0,20730
Washington,474.0,2022-09-03,0.0,20730
Washington,474.0,2022-09-04,0.0,20730
Washington,474.0,2022-09-05,0.0,20730
Washington,474.0,2022-09-06,0.0,20730
West Virginia,3.0,2022-08-04,0.0,20730
West Virginia,3.0,2022-08-05,0.0,20730
West Virginia,3.0,2022-08-06,0.0,20730
West Virginia,3.0,2022-08-07,0.0,20730
West Virginia,4.0,2022-08-08,1.0,20730
West Virginia,4.0,2022-08-09,0.0,20730
West Virginia,4.0,2022-08-10,0.0,20730
West Virginia,4.0,2022-08-11,0.0,20730
West Virginia,4.0,2022-08-12,0.0,20730
West Virginia,4.0,2022-08-13,0.0,20730
West Virginia,4.0,2022-08-14,0.0,20730
West Virginia,4.0,2022-08-15,0.0,20730
West Virginia,4.0,2022-08-16,0.0,20730
West Virginia,5.0,2022-08-17,1.0,20730
West Virginia,5.0,2022-08-18,0.0,20730
West Virginia,5.0,2022-08-19,0.0,20730
West Virginia,5.0,2022-08-20,0.0,20730
West Virginia,5.0,2022-08-21,0.0,20730
West Virginia,4.0,2022-08-22,-1.0,20730
West Virginia,4.0,2022-08-23,0.0,20730
West Virginia,4.0,2022-08-24,0.0,20730
West Virginia,4.0,2022-08-25,0.0,20730
West Virginia,5.0,2022-08-26,1.0,20730
West Virginia,5.0,2022-08-27,0.0,20730
West Virginia,5.0,2022-08-28,0.0,20730
West Virginia,5.0,2022-08-29,0.0,20730
West Virginia,5.0,2022-08-30,0.0,20730
West Virginia,5.0,2022-08-31,0.0,20730
West Virginia,5.0,2022-09-01,0.0,20730
West Virginia,8.0,2022-09-02,3.0,20730
West Virginia,8.0,2022-09-03,0.0,20730
West Virginia,8.0,2022-09-04,0.0,20730
West Virginia,8.0,2022-09-05,0.0,20730
West Virginia,8.0,2022-09-06,0.0,20730
Wisconsin,19.0,2022-08-04,0.0,20730
Wisconsin,22.0,2022-08-05,3.0,20730
Wisconsin,22.0,2022-08-06,0.0,20730
Wisconsin,22.0,2022-08-07,0.0,20730
Wisconsin,22.0,2022-08-08,0.0,20730
Wisconsin,31.0,2022-08-09,9.0,20730
Wisconsin,31.0,2022-08-10,0.0,20730
Wisconsin,31.0,2022-08-11,0.0,20730
Wisconsin,31.0,2022-08-12,0.0,20730
Wisconsin,31.0,2022-08-13,0.0,20730
Wisconsin,31.0,2022-08-14,0.0,20730
Wisconsin,31.0,2022-08-15,0.0,20730
Wisconsin,31.0,2022-08-16,0.0,20730
Wisconsin,43.0,2022-08-17,12.0,20730
Wisconsin,43.0,2022-08-18,0.0,20730
Wisconsin,43.0,2022-08-19,0.0,20730
Wisconsin,43.0,2022-08-20,0.0,20730
Wisconsin,43.0,2022-08-21,0.0,20730
Wisconsin,43.0,2022-08-22,0.0,20730
Wisconsin,43.0,2022-08-23,0.0,20730
Wisconsin,56.0,2022-08-24,13.0,20730
Wisconsin,56.0,2022-08-25,0.0,20730
Wisconsin,56.0,2022-08-26,0.0,20730
Wisconsin,56.0,2022-08-27,0.0,20730
Wisconsin,56.0,2022-08-28,0.0,20730
Wisconsin,56.0,2022-08-29,0.0,20730
Wisconsin,56.0,2022-08-30,0.0,20730
Wisconsin,56.0,2022-08-31,0.0,20730
Wisconsin,56.0,2022-09-01,0.0,20730
Wisconsin,56.0,2022-09-02,0.0,20730
Wisconsin,56.0,2022-09-03,0.0,20730
Wisconsin,56.0,2022-09-04,0.0,20730
Wisconsin,56.0,2022-09-05,0.0,20730
Wisconsin,56.0,2022-09-06,0.0,20730
Wyoming,0.0,2022-08-04,0.0,20730
Wyoming,0.0,2022-08-05,0.0,20730
Wyoming,0.0,2022-08-06,0.0,20730
Wyoming,0.0,2022-08-07,0.0,20730
Wyoming,0.0,2022-08-08,0.0,20730
Wyoming,0.0,2022-08-09,0.0,20730
Wyoming,0.0,2022-08-10,0.0,20730
Wyoming,0.0,2022-08-11,0.0,20730
Wyoming,0.0,2022-08-12,0.0,20730
Wyoming,0.0,2022-08-13,0.0,20730
Wyoming,0.0,2022-08-14,0.0,20730
Wyoming,0.0,2022-08-15,0.0,20730
Wyoming,0.0,2022-08-16,0.0,20730
Wyoming,0.0,2022-08-17,0.0,20730
Wyoming,0.0,2022-08-18,0.0,20730
Wyoming,0.0,2022-08-19,0.0,20730
Wyoming,0.0,2022-08-20,0.0,20730
Wyoming,0.0,2022-08-21,0.0,20730
Wyoming,1.0,2022-08-22,1.0,20730
Wyoming,1.0,2022-08-23,0.0,20730
Wyoming,1.0,2022-08-24,0.0,20730
Wyoming,1.0,2022-08-25,0.0,20730
Wyoming,1.0,2022-08-26,0.0,20730
Wyoming,1.0,2022-08-27,0.0,20730
Wyoming,1.0,2022-08-28,0.0,20730
Wyoming,2.0,2022-08-29,1.0,20730
Wyoming,2.0,2022-08-30,0.0,20730
Wyoming,2.0,2022-08-31,0.0,20730
Wyoming,2.0,2022-09-01,0.0,20730
Wyoming,2.0,2022-09-02,0.0,20730
Wyoming,2.0,2022-09-03,0.0,20730
Wyoming,2.0,2022-09-04,0.0,20730
Wyoming,2.0,2022-09-05,0.0,20730
Wyoming,2.0,2022-09-06,0.0,20730
